policy,reward_mean,reward_std,delay_mean,delay_std,drop_rate_mean,drop_rate_std,offload_rate_mean,offload_rate_std,energy_mean,energy_std,load_name,load_factor,task_min_bits,task_max_bits,avg_task_mbits
mappo,-139.40027500000002,2.98301057333443,139.40027500000002,2.98301057333443,0.113575,0.008849470323132339,0.8118,0.011589758409906566,1.3821318624317644,0.0953887635299017,load_01,0.7,1050000.0,4200000.0,2.625
offload,-156.33870000000002,3.7985540420007236,156.33870000000002,3.7985540420007182,0.005924999999999999,0.0026670442441024487,1.0,0.0,0.5935857180804014,0.008867307804991674,load_01,0.7,1050000.0,4200000.0,2.625
greedy,-166.08739999999997,1.4248697712422824,166.0874,1.4248697712422722,0.5364499999999999,0.004804685213414086,0.26089999999999997,0.0009695359714832654,4.614927723991872,0.026642275562451214,load_01,0.7,1050000.0,4200000.0,2.625
local,-231.65950000000018,1.2459708313198838,231.6595,1.2459708313198998,0.7437,0.004873140671066247,0.0,0.0,4.950408114886283,0.004165316486532927,load_01,0.7,1050000.0,4200000.0,2.625
random,-160.88549999999998,1.9923040838436195,160.88549999999998,1.9923040838436283,0.36302499999999993,0.01290128385084213,0.5012249999999999,0.017013762811324242,4.002206154799461,0.22825939195704523,load_01,0.7,1050000.0,4200000.0,2.625
mappo,-141.17935,2.7449143456581724,141.17935,2.744914345658168,0.125625,0.008661156100660003,0.8059749999999998,0.010756654916841017,1.4244704821825027,0.09495404175387924,load_02,0.75,1125000.0,4500000.0,2.8125
offload,-156.99545,3.694253136291563,156.99545,3.694253136291557,0.01095,0.0033593154064481654,1.0,0.0,0.5935857180804014,0.008867307804991674,load_02,0.75,1125000.0,4500000.0,2.8125
greedy,-169.083725,1.3437264530495183,169.083725,1.3437264530495039,0.5463,0.004749736834815172,0.26175,0.001172603939955859,4.602999984574318,0.027684312857307256,load_02,0.75,1125000.0,4500000.0,2.8125
local,-235.35960000000014,1.2036781764657596,235.3596,1.203678176465788,0.7581249999999998,0.004658661288396057,0.0,0.0,4.950408114886283,0.004165316486532927,load_02,0.75,1125000.0,4500000.0,2.8125
random,-162.92829999999998,1.7116749428556917,162.92829999999998,1.711674942855682,0.37294999999999995,0.014890768952609532,0.4989,0.018576934623344084,4.026337554323674,0.2421123817158796,load_02,0.75,1125000.0,4500000.0,2.8125
mappo,-143.12787500000002,2.7176071074798536,143.12787500000002,2.717607107479851,0.139075,0.008781407916729524,0.7995,0.010796411440844587,1.4746476024836301,0.09471197281472289,load_03,0.7999999999999999,1200000.0,4800000.0,3.0
offload,-157.8612,3.638942007644535,157.8612,3.63894200764453,0.017175,0.00371491924542109,1.0,0.0,0.5935857180804014,0.008867307804991674,load_03,0.7999999999999999,1200000.0,4800000.0,3.0
greedy,-172.0283999999999,1.1432329169946038,172.02840000000003,1.143232916994608,0.555925,0.0039434280771937485,0.26259999999999994,0.0010851267207105351,4.597515289223193,0.02681404984943765,load_03,0.7999999999999999,1200000.0,4800000.0,3.0
local,-238.37882500000015,1.2888201826185623,238.378825,1.2888201826185834,0.7695000000000001,0.005147815070493499,0.0,0.0,4.950408114886283,0.004165316486532927,load_03,0.7999999999999999,1200000.0,4800000.0,3.0
random,-164.29679999999996,1.8201969014367627,164.29679999999996,1.820196901436765,0.37872500000000003,0.016668626968049893,0.498875,0.01962340757870559,4.019165331423283,0.25721277807625725,load_03,0.7999999999999999,1200000.0,4800000.0,3.0
mappo,-144.81714999999997,2.5263740078420724,144.81715,2.526374007842071,0.15100000000000002,0.007582875444051551,0.7932500000000001,0.01076742773367902,1.5109771921008828,0.09228820160286423,load_04,0.85,1275000.0,5100000.0,3.1875
offload,-158.68825,3.53922215147623,158.68825,3.5392221514762245,0.023225000000000003,0.004664292550859133,1.0,0.0,0.5935857180804014,0.008867307804991674,load_04,0.85,1275000.0,5100000.0,3.1875
greedy,-174.40779999999992,1.0955592053832568,174.40779999999998,1.0955592053832597,0.5636249999999999,0.003667850187780295,0.2637,0.0014568802284333473,4.590418891763687,0.02698574875216777,load_04,0.85,1275000.0,5100000.0,3.1875
local,-241.14665000000008,0.9462387859309028,241.14664999999997,0.9462387859309107,0.780075,0.0036004340016170186,0.0,0.0,4.950408114886283,0.004165316486532927,load_04,0.85,1275000.0,5100000.0,3.1875
random,-166.56817499999997,1.772729237820866,166.568175,1.7727292378208817,0.389975,0.012595857453940963,0.4942250000000001,0.016191992619810566,4.088550590634346,0.19560174878458217,load_04,0.85,1275000.0,5100000.0,3.1875
mappo,-147.18039999999996,2.258865138736723,147.1804,2.258865138736707,0.16584999999999997,0.008401785524517985,0.7880499999999999,0.011000454536063497,1.5490259439408782,0.10140639449512139,load_05,0.9,1350000.0,5400000.0,3.375
offload,-160.2883,3.3801386968584626,160.2883,3.3801386968584577,0.03465,0.0057447802394869725,1.0,0.0,0.5935857180804014,0.008867307804991674,load_05,0.9,1350000.0,5400000.0,3.375
greedy,-176.75709999999995,1.1612735315161589,176.75709999999995,1.1612735315161535,0.5714999999999999,0.003992179855667831,0.2641,0.0010908712114635734,4.583570258164405,0.028594239829489713,load_05,0.9,1350000.0,5400000.0,3.375
local,-243.79165,1.0357010439793828,243.79165,1.0357010439793906,0.7907499999999998,0.003913118960624631,0.0,0.0,4.950408114886283,0.004165316486532927,load_05,0.9,1350000.0,5400000.0,3.375
random,-168.16815000000003,1.7582179230686947,168.16815000000003,1.758217923068695,0.39012499999999994,0.015127065974603268,0.4996000000000001,0.018439834597956672,3.9912973080039023,0.24626067108798352,load_05,0.9,1350000.0,5400000.0,3.375
mappo,-149.96327499999998,2.1961843600037327,149.963275,2.1961843600037323,0.18259999999999998,0.008852400804301622,0.7834500000000001,0.01093034766144243,1.5777700475156309,0.09395910527469177,load_06,0.95,1425000.0,5700000.0,3.5625
offload,-162.286525,3.2068750491132296,162.286525,3.206875049113232,0.04939999999999999,0.007229453644640098,1.0,0.0,0.5935857180804014,0.008867307804991674,load_06,0.95,1425000.0,5700000.0,3.5625
greedy,-178.74302500000002,1.0606773216322736,178.74302500000002,1.060677321632266,0.5779749999999999,0.003639110468232585,0.26497499999999996,0.0012621905561364351,4.576242760360241,0.02844977491438602,load_06,0.95,1425000.0,5700000.0,3.5625
local,-246.30257499999985,1.0818661657640518,246.30257500000005,1.081866165764047,0.8007750000000001,0.004045753947041267,0.0,0.0,4.950408114886283,0.004165316486532927,load_06,0.95,1425000.0,5700000.0,3.5625
random,-170.06272499999994,1.5596429817830086,170.062725,1.5596429817830102,0.393225,0.014230447111738972,0.502725,0.017544033886196183,3.974462723791599,0.2948542338489708,load_06,0.95,1425000.0,5700000.0,3.5625
mappo,-152.86074999999997,2.25520382947972,152.86075,2.255203829479723,0.19970000000000002,0.008918239736629642,0.7800499999999999,0.01177911286982174,1.5975419004917142,0.10385791960019371,load_07,1.0,1500000.0,6000000.0,3.75
offload,-164.6763,3.202972193525873,164.6763,3.20297219352588,0.067,0.008015609770940698,1.0,0.0,0.5935857180804014,0.008867307804991674,load_07,1.0,1500000.0,6000000.0,3.75
greedy,-180.72400000000002,1.0517699071089694,180.724,1.0517699071089663,0.5842499999999999,0.0035619517121937504,0.2659,0.0012257650672131257,4.565387753880024,0.03006478851471063,load_07,1.0,1500000.0,6000000.0,3.75
local,-248.55169999999987,0.9992292579783468,248.5517,0.9992292579783691,0.8094500000000001,0.0037927562537025724,0.0,0.0,4.950408114886283,0.004165316486532927,load_07,1.0,1500000.0,6000000.0,3.75
random,-171.310175,1.5748245737621098,171.31017500000002,1.5748245737621056,0.39909999999999995,0.013219398624748406,0.5007250000000001,0.015912043394862897,3.9965285585165025,0.26518767934812004,load_07,1.0,1500000.0,6000000.0,3.75
mappo,-155.86017499999997,2.328442236909689,155.860175,2.3284422369096895,0.21659999999999996,0.008767981523703165,0.776875,0.011046068305057697,1.6183985544353723,0.101686268571489,load_08,1.05,1575000.0,6300000.0,3.9375
offload,-167.1525,3.1730522372000083,167.1525,3.1730522372000136,0.085425,0.008191497115912327,1.0,0.0,0.5935857180804014,0.008867307804991674,load_08,1.05,1575000.0,6300000.0,3.9375
greedy,-182.49162500000006,1.085294638853899,182.491625,1.0852946388538933,0.589825,0.003648715527415093,0.266875,0.0013975424859373697,4.561664569103718,0.03031811573295521,load_08,1.05,1575000.0,6300000.0,3.9375
local,-250.61502499999983,1.0619322156451239,250.61502500000003,1.0619322156451425,0.8171499999999999,0.003968941924493228,0.0,0.0,4.950408114886283,0.004165316486532927,load_08,1.05,1575000.0,6300000.0,3.9375
random,-172.2414,1.6447664089468808,172.24140000000003,1.6447664089468748,0.40367499999999995,0.012943169047802783,0.5005,0.016169029037020125,3.968908082139492,0.29048020591614665,load_08,1.05,1575000.0,6300000.0,3.9375
mappo,-159.00464999999997,2.330546328653426,159.00464999999997,2.3305463286534325,0.2336,0.009784043131548422,0.7741250000000001,0.011074322778391463,1.6300935930460694,0.09959094628277569,load_09,1.1,1650000.0000000002,6600000.000000001,4.125000000000001
offload,-169.941475,3.1394207934147627,169.941475,3.139420793414764,0.10565000000000001,0.008729404332484548,1.0,0.0,0.5935857180804014,0.008867307804991674,load_09,1.1,1650000.0000000002,6600000.000000001,4.125000000000001
greedy,-184.132875,0.9436670907290459,184.13287499999998,0.9436670907290334,0.5948,0.0032148094811356932,0.26739999999999997,0.0012951833846988664,4.551091964054107,0.03078838638253938,load_09,1.1,1650000.0000000002,6600000.000000001,4.125000000000001
local,-252.46137499999986,0.8825671451084905,252.461375,0.882567145108518,0.8238749999999999,0.0033564303955243863,0.0,0.0,4.950408114886283,0.004165316486532927,load_09,1.1,1650000.0000000002,6600000.000000001,4.125000000000001
random,-173.62217500000003,1.71591575059064,173.62217500000003,1.7159157505906304,0.40785,0.016025448511664188,0.499725,0.01906942906853795,3.9900648074984546,0.26576921190592195,load_09,1.1,1650000.0000000002,6600000.000000001,4.125000000000001
mappo,-162.1713,2.4149219055696114,162.1713,2.4149219055696185,0.2515,0.009807522622966518,0.7711500000000001,0.012315741958972674,1.6467040047377346,0.102300967473402,load_10,1.15,1724999.9999999998,6899999.999999999,4.312499999999999
offload,-172.8066,3.052753787975699,172.8066,3.052753787975701,0.1265,0.008856494791959177,1.0,0.0,0.5935857180804014,0.008867307804991674,load_10,1.15,1724999.9999999998,6899999.999999999,4.312499999999999
greedy,-185.30945,0.9296715871747389,185.30945,0.9296715871747397,0.598475,0.0031552535555799664,0.268625,0.0015258194519667159,4.546459498775005,0.03111017937765619,load_10,1.15,1724999.9999999998,6899999.999999999,4.312499999999999
local,-253.97269999999975,0.8014915143031707,253.97269999999997,0.8014915143031773,0.829975,0.003005099831952341,0.0,0.0,4.950408114886283,0.004165316486532927,load_10,1.15,1724999.9999999998,6899999.999999999,4.312499999999999
random,-174.557625,1.2349141480787145,174.557625,1.2349141480787253,0.4075,0.015992185591719475,0.5043,0.018222856526900498,4.003551858055591,0.25683747948924307,load_10,1.15,1724999.9999999998,6899999.999999999,4.312499999999999
mappo,-165.40027499999997,2.2731799352723683,165.400275,2.2731799352723905,0.26855,0.010159232254457029,0.769075,0.012854498239915864,1.6569952782630923,0.11092917091103362,load_11,1.2000000000000002,1800000.0000000002,7200000.000000001,4.500000000000001
offload,-175.73025,2.8822201512028887,175.73025,2.8822201512028887,0.14800000000000002,0.009905806378079477,1.0,0.0,0.5935857180804014,0.008867307804991674,load_11,1.2000000000000002,1800000.0000000002,7200000.000000001,4.500000000000001
greedy,-186.603425,0.8340700214160665,186.603425,0.8340700214160686,0.602475,0.0028338357397703897,0.269525,0.0016180621125284405,4.538059456110002,0.03418817542430637,load_11,1.2000000000000002,1800000.0000000002,7200000.000000001,4.500000000000001
local,-255.6196999999997,0.9104216591777585,255.61969999999994,0.910421659177766,0.836425,0.0033912571415332052,0.0,0.0,4.950408114886283,0.004165316486532927,load_11,1.2000000000000002,1800000.0000000002,7200000.000000001,4.500000000000001
random,-175.779025,1.1945010278877837,175.779025,1.1945010278877963,0.4155500000000001,0.015660779035539706,0.49894999999999995,0.0177893226402806,3.9795366583347316,0.25802940575012867,load_11,1.2000000000000002,1800000.0000000002,7200000.000000001,4.500000000000001
mappo,-168.564225,2.3796112982218225,168.56422500000005,2.379611298221832,0.2857,0.00966035713625537,0.7662,0.0125223799654858,1.670440051102638,0.10801452958171193,load_12,1.25,1875000.0,7500000.0,4.6875
offload,-178.720375,2.942121898498603,178.72037500000002,2.942121898498599,0.16997500000000001,0.01113690374385987,1.0,0.0,0.5935857180804014,0.008867307804991674,load_12,1.25,1875000.0,7500000.0,4.6875
greedy,-187.95805000000004,0.9063111413857896,187.95805000000001,0.9063111413857821,0.6066,0.003062270399556517,0.27040000000000003,0.0014017845768876187,4.529984708321094,0.03143405990060499,load_12,1.25,1875000.0,7500000.0,4.6875
local,-257.00922499999973,0.8336391564250063,257.00922499999996,0.8336391564250121,0.841725,0.003131393459787501,0.0,0.0,4.950408114886283,0.004165316486532927,load_12,1.25,1875000.0,7500000.0,4.6875
random,-176.2712,1.518838679715529,176.27120000000005,1.518838679715524,0.41805,0.016884090144274878,0.49917500000000004,0.019459268357263592,4.033184598827362,0.26637291260325324,load_12,1.25,1875000.0,7500000.0,4.6875
mappo,-171.534975,2.214475071687412,171.53497500000006,2.21447507168742,0.3023,0.010625323524486203,0.763,0.014071247279470287,1.6912584217667577,0.11933162426951409,load_13,1.3,1950000.0,7800000.0,4.875
offload,-181.72605,2.7753609040087057,181.72605,2.7753609040087026,0.19115000000000001,0.011537547399685948,1.0,0.0,0.5935857180804014,0.008867307804991674,load_13,1.3,1950000.0,7800000.0,4.875
greedy,-189.13367500000004,0.9518249054448181,189.13367500000004,0.9518249054448,0.610075,0.0032152954763131785,0.271,0.001436140661634507,4.521371930491924,0.03322629017086907,load_13,1.3,1950000.0,7800000.0,4.875
local,-258.3648749999997,0.7572953622101609,258.364875,0.7572953622101478,0.846875,0.0027528394431931523,0.0,0.0,4.950408114886283,0.004165316486532927,load_13,1.3,1950000.0,7800000.0,4.875
random,-177.36459999999997,1.3873723914292089,177.3646,1.3873723914292082,0.42297499999999993,0.01504138042202244,0.49755000000000005,0.017195493595706986,4.041958275747299,0.21566980497958044,load_13,1.3,1950000.0,7800000.0,4.875
